conc,no stress,food,organism,chemical,hormesis_concentration
0,92,73.5833333333333,Daphnia magna,Esfenvalerate,1
0.01,90,86,,,
0.1,84,80,,,
1,91,56.1904761904762,,,
10,89,76,,,
100,81,55.2608695652174,,,
1000,66,33.786231884058,,,
10000,0,0,,,
31600,0,0,,,
