conc,no stress,food,organism,chemical,hormesis_concentration
0,93.333333,93.333333,Amphipod,Esfenvalerate,
0.0001,93.333333,93.333333,,,
0.001,83.333333,93.333333,,,
0.01,81.11,90,,,
0.1,80,80,,,
0.316,55.555556,64.444444,,,
1,31.111111,31.111111,,,
3.16,0,0,,,
