conc,no stress,food,organism,chemical,hormesis_concentration
0,0.93333333,0.93333333,Amphipod,Esfenvalerate,
0.0001,0.93333333,0.93333333,,,
0.001,0.83333333,0.93333333,,,
0.01,0.8111,0.9,,,
0.1,0.8,0.8,,,
0.316,0.55555556,0.64444444,,,
1,0.31111111,0.31111111,,,
3.16,0,0,,,
