conc,no stress,food,organism,chemical,hormesis_concentration
0,90.793651,80,Daphnia magna,Esfenvalerate,0.001
0.001,97.777778,77.777778,,,
0.01,93.333333,77.777778,,,
0.0316,88.888889,62.222222,,,
0.1,80,44.444444,,,
0.316,66.666667,17.777778,,,
1,20,2.222222,,,
3.16,0,0,,,
